/*
SQLyog Ultimate v9.60 
MySQL - 5.5.16 : Database - presdex
*********************************************************************
*/

/*!40101 SET NAMES utf8 */;

/*!40101 SET SQL_MODE=''*/;

/*!40014 SET @OLD_UNIQUE_CHECKS=@@UNIQUE_CHECKS, UNIQUE_CHECKS=0 */;
/*!40014 SET @OLD_FOREIGN_KEY_CHECKS=@@FOREIGN_KEY_CHECKS, FOREIGN_KEY_CHECKS=0 */;
/*!40101 SET @OLD_SQL_MODE=@@SQL_MODE, SQL_MODE='NO_AUTO_VALUE_ON_ZERO' */;
/*!40111 SET @OLD_SQL_NOTES=@@SQL_NOTES, SQL_NOTES=0 */;
CREATE DATABASE /*!32312 IF NOT EXISTS*/`presdex` /*!40100 DEFAULT CHARACTER SET latin1 */;

USE `presdex`;

/*Table structure for table `compare_term` */

DROP TABLE IF EXISTS `compare_term`;

CREATE TABLE `compare_term` (
  `ct_id` int(11) NOT NULL AUTO_INCREMENT,
  `ct_query` varchar(255) NOT NULL,
  `ct_name` varchar(255) NOT NULL,
  `ct_racer` int(11) DEFAULT NULL,
  `ct_last_query_date` datetime DEFAULT NULL,
  `ct_max_id` varchar(254) DEFAULT NULL,
  `ct_cnt_pos` int(11) NOT NULL DEFAULT '0',
  `ct_cnt_ntl` int(11) NOT NULL DEFAULT '0',
  `ct_cnt_neg` int(11) NOT NULL DEFAULT '0',
  `ct_score` int(11) DEFAULT '0',
  PRIMARY KEY (`ct_id`)
) ENGINE=InnoDB AUTO_INCREMENT=4 DEFAULT CHARSET=latin1;

/*Data for the table `compare_term` */

insert  into `compare_term`(`ct_id`,`ct_query`,`ct_name`,`ct_racer`,`ct_last_query_date`,`ct_max_id`,`ct_cnt_pos`,`ct_cnt_ntl`,`ct_cnt_neg`,`ct_score`) values (1,'Romney','Romney',2,'2012-10-18 15:26:10','258921829626941440',16,25,22,35),(3,'Obama','Obama',1,'2012-10-18 15:26:13','258921845208784897',19,21,31,28);

/*Table structure for table `racer` */

DROP TABLE IF EXISTS `racer`;

CREATE TABLE `racer` (
  `r_id` int(11) NOT NULL AUTO_INCREMENT,
  `r_name` varchar(255) DEFAULT NULL,
  `r_img` varchar(255) DEFAULT NULL,
  `r_desc` varchar(255) DEFAULT NULL,
  PRIMARY KEY (`r_id`)
) ENGINE=InnoDB AUTO_INCREMENT=3 DEFAULT CHARSET=latin1;

/*Data for the table `racer` */

insert  into `racer`(`r_id`,`r_name`,`r_img`,`r_desc`) values (1,'Barak Obama',NULL,NULL),(2,'Mitt Romney',NULL,NULL);

/*Table structure for table `score_history` */

DROP TABLE IF EXISTS `score_history`;

CREATE TABLE `score_history` (
  `sh_id` int(11) NOT NULL AUTO_INCREMENT,
  `sh_ct_id` int(11) NOT NULL,
  `sh_date` datetime NOT NULL,
  `sh_pos` int(11) DEFAULT '0',
  `sh_neg` int(11) DEFAULT '0',
  `sh_ntl` int(11) DEFAULT '0',
  `sh_score` int(11) DEFAULT '0',
  PRIMARY KEY (`sh_id`)
) ENGINE=InnoDB AUTO_INCREMENT=12 DEFAULT CHARSET=latin1;

/*Data for the table `score_history` */

insert  into `score_history`(`sh_id`,`sh_ct_id`,`sh_date`,`sh_pos`,`sh_neg`,`sh_ntl`,`sh_score`) values (1,1,'2012-10-18 00:00:00',3,4,7,9),(2,3,'2012-10-18 00:00:00',3,8,4,2),(3,1,'2012-10-18 00:00:00',5,1,4,13),(4,3,'2012-10-18 00:00:00',4,7,4,5),(5,1,'2012-10-18 00:00:00',3,4,4,6),(6,3,'2012-10-18 00:00:00',4,4,5,9),(7,1,'2012-10-18 00:00:00',1,6,3,-1),(8,1,'2012-10-18 00:00:00',2,2,4,6),(9,3,'2012-10-18 00:00:00',3,6,5,5),(10,1,'2012-10-18 00:00:00',2,5,3,2),(11,3,'2012-10-18 00:00:00',5,6,3,7);

/*Table structure for table `tweet` */

DROP TABLE IF EXISTS `tweet`;

CREATE TABLE `tweet` (
  `t_id` int(11) NOT NULL AUTO_INCREMENT,
  `t_date` datetime NOT NULL,
  `t_user` varchar(255) NOT NULL,
  `t_user_id` int(11) DEFAULT NULL,
  `t_user_name` varchar(255) DEFAULT NULL,
  `t_geo` varchar(255) DEFAULT NULL,
  `t_id_str` varchar(255) DEFAULT NULL,
  `t_profile_img_url` text,
  `t_text` text NOT NULL,
  `t_sentiment` enum('positive','negative','neutral') DEFAULT NULL,
  `t_term` int(5) NOT NULL,
  `t_processed` tinyint(4) NOT NULL,
  PRIMARY KEY (`t_id`)
) ENGINE=InnoDB AUTO_INCREMENT=232 DEFAULT CHARSET=latin1;

/*Data for the table `tweet` */

insert  into `tweet`(`t_id`,`t_date`,`t_user`,`t_user_id`,`t_user_name`,`t_geo`,`t_id_str`,`t_profile_img_url`,`t_text`,`t_sentiment`,`t_term`,`t_processed`) values (1,'2012-10-01 10:22:42','kooleyCobain',100069902,'caine lawson.',NULL,'252775553143300096','http://a0.twimg.com/profile_images/2586997465/kooleyCobain_normal.jpg','It\'s ppl deployed with me well below the poverty line living off a drill check voting for Romney. And you can\'t tell em he\'s not for them.','positive',1,0),(2,'2012-10-01 10:22:42','ugotGod',79838661,'Original got God?®',NULL,'252775551146799105','http://a0.twimg.com/profile_images/1616190438/737c5f5a-134d-4fcc-b9f0-0589ffa299d8_normal.JPG','RT @PPact: RT @PPact: MT @aishatyler: #Romney talks about things he would get rid of, but what are his solutions? #AskMitt where he stands: http:// ...','neutral',1,0),(3,'2012-10-01 10:22:40','PurlMaster55',45493902,'Persa Verance',NULL,'252775543169245184','http://a0.twimg.com/profile_images/272320788/grrr_normal.jpg','RT @thedailybeast: RT @thedailybeast: Why Mitt Romney is trapped by his negativity narrative, and how that could help him in November http://t.co/RW8E2TWi','positive',1,0),(4,'2012-10-01 10:22:40','davidcolunga',17184884,'David Colunga',NULL,'252775541931900928','http://a0.twimg.com/profile_images/1285148307/Picture0030_normal.jpg','\"@BuzzFeedAndrew: Mitt Romney asking for likes on Facebook. http://t.co/M1R4Rm1M\" those are some hairy arms...','positive',1,0),(5,'2012-10-01 10:22:38','roginkim',17315451,'Rogin Kim',NULL,'252775535862755329','http://a0.twimg.com/profile_images/1750262453/384106_274533275940545_100001516258462_732637_2066590884_n_normal.jpg','Mitt Romney has gone from Michael to Gob to Buster on the Arrested Development Character Scale in less than one year.','negative',1,0),(6,'2012-10-01 10:22:35','linoge_wotc',17325048,'Linoge',NULL,'252775522570993665','http://a0.twimg.com/profile_images/2041793349/HDR3Mantiuk06-001_normal.jpg','.@sairakh And yes, both Obama and Romney support #guncontrol. That\'s one of the reasons I\'m voting for neither.','positive',1,0),(7,'2012-10-01 10:22:35','Morning_Energy',575712418,'Morning Energy',NULL,'252775520226394112','http://a0.twimg.com/profile_images/2205211316/MorningEnergy_normal.JPG','Energy, climate and the presidential debates - More reaction to Obama\'s China-wind decision - NYT on Romney and ener... http://t.co/xzAvMPs2','negative',1,0),(8,'2012-10-01 10:22:34','politiciansrch',275689184,'Politician Search',NULL,'252775519244918785','http://a0.twimg.com/profile_images/1296387056/PoliticianSearch_normal.png','Obama Team Studies Romney Tapes as Debate Camp Begins http://t.co/Wv1ul9k5','neutral',1,0),(9,'2012-10-01 10:22:34','dondanl',131499459,'dan',NULL,'252775517957283841','http://a0.twimg.com/profile_images/2586261739/xdlpf2h454ktac7xrl89_normal.jpeg','RT @LipstickLibShow: RT @LipstickLibShow: \'Real Problem With Romney\'s Offshore Investments\'- His $$ tax better vacations than 995 of us do! http://t.co/029cExuN','negative',1,0),(10,'2012-10-01 10:22:31','SilverJingles',24578723,'Lester  Sheets',NULL,'252775504090918913','http://a0.twimg.com/profile_images/2170590446/LTSPictures_001_normal.jpg','EXPERT DEALING WITH FOREIGN NATIONS,  SUCCESSFUL WORLD WIDE BUSINESS MAN, BALANCED MS STATE BUDGET, RESCUED OLYMPICS, ROMNEY BEST 4 THE JOB','positive',1,0),(11,'2012-10-01 10:22:30','phoebeplagens',18142266,'phoebe',NULL,'252775502690009089','http://a0.twimg.com/profile_images/2631668061/acdf6e00cd71543afa7768b6d9b7db3d_normal.jpeg','RT @RollingStone: RT @RollingStone: If you want to understand Mitt Romney\'s game plan, just look at what Republicans have been doing in Congress: http://t ...','positive',1,0),(12,'2012-10-01 10:22:30','Truthbuster',124898913,'AMC',NULL,'252775499414269952','http://a0.twimg.com/profile_images/1307230772/5dc61ca4-4c71-46a6-9675-3e0b7490f633_normal.png','RT @owillis: RT @owillis: ann romney, is having a party with miriam adelson. this is hard. http://t.co/rRkG9oVx','neutral',1,0),(13,'2012-10-01 10:22:29','PhillipNLegg',142388057,'Phillip N. Legg',NULL,'252775497891733504','http://a0.twimg.com/profile_images/2481214988/b5bpy3rlvar4xo925b10_normal.jpeg','Romney slams Obama over Middle East and throwing Israel \'under the bus\' calls for new course - Yahoo!  http://t.co/g4w0GUAq #RomneyRyan2012','negative',1,0),(14,'2012-10-01 10:22:28','46an2',323272913,'Evolve',NULL,'252775493416402944','http://a0.twimg.com/profile_images/2236812190/si33QBEm_normal','RT @DemocratWire: RT @DemocratWire: New DNC Video Sets Romney up to Fail in First Presidential Debate - Red Alert Politics (blog) http://t.co/JWdfm0Wt','negative',1,0),(15,'2012-10-01 10:22:45','britroseee',384304729,'Brittany Rose ',NULL,'252775562127491073','http://a0.twimg.com/profile_images/2525122591/image_normal.jpg','RT @tqueencatlady: RT @tqueencatlady: Obama is trying to pass The Dream Act where illegal immigrants get free college. FUCK THAAT','negative',3,0),(16,'2012-10-01 10:22:44','MartinChurch3',838855718,'Blue Musky',NULL,'252775561921961984','http://a0.twimg.com/profile_images/2655527859/d17457d5d0219a37fc0a8f6efcee4ff5_normal.jpeg','RT @IngrahamAngle: RT @IngrahamAngle: Media double standard is staggering, says @JonahNRO: you\'d go crazy wondering how they would cover every Obama misste ...','negative',3,0),(17,'2012-10-01 10:22:44','charruss',40273022,'Charlotte Russell',NULL,'252775561586425856','http://a0.twimg.com/profile_images/1934308341/tw_14119033_1332463540_normal.jpg','RT @LauraFlyMe: RT @LauraFlyMe: Susan Rice ? Maybe we should call for her boss President Valerie Jarrett &amp; puppet Barack Obama\'s resignations','negative',3,0),(18,'2012-10-01 10:22:44','VegasJessie',65293006,'Teaparty Crasher ',NULL,'252775560105848834','http://a0.twimg.com/profile_images/2285795463/ProfilePhoto_normal.png','\"If support Obama you just want free stuff and handouts\". #Romneyslogans Looting war veterans!!','positive',3,0),(19,'2012-10-01 10:22:44','NicNicinGA',146852990,'Nic TM',NULL,'252775558503600128','http://a0.twimg.com/profile_images/2611609107/a10a7b7e-0798-4a26-bed3-369adf23081a_normal.png','RT @geoff9cow: RT @geoff9cow: Obama Beats Romney as Better for Middle-Income Americans http://t.co/aGXeHYM1 @PaddyK @GottaLaff #p2 #tcot','positive',3,0),(20,'2012-10-01 10:22:43','erin_maureen',300473640,'Erin Curry',NULL,'252775557371162624','http://a0.twimg.com/profile_images/2132585733/spoon_normal.jpg','RT @LUDudeProblems: RT @LUDudeProblems: Will today be a \"heart for missions,\" \"Obama sucks,\" or \"make the most of college\" convo? #LibertyConvo #LUDudeProblems','negative',3,0),(21,'2012-10-01 10:22:43','Kayayaye',572698885,'callmekay. ',NULL,'252775557190791170','http://a0.twimg.com/profile_images/2667567085/d1b77ddd07cb516242f3eb1048223d75_normal.jpeg','RT @obama_countdown: RT @obama_countdown: 3 months, 2 weeks, 4 days, 16 hours, 59 minutes, and 58 seconds  until #Obama leaves office.','neutral',3,0),(22,'2012-10-01 10:22:43','a_true_gemi',431192811,'Such A GEM',NULL,'252775556452589568','http://a0.twimg.com/profile_images/2650134776/6c508f0da946ac42eb71f5d9fba35805_normal.jpeg','RT @_OhSoLightskin: RT @_OhSoLightskin: I support my president Barack Obama. He tryna cut college tuition in half.. Romney tryna cut the Federal Pell  Grant ...','positive',3,0),(23,'2012-10-01 10:22:42','kerryc33',55911087,'Kerry Cardwell',NULL,'252775551075508224','http://a0.twimg.com/profile_images/1567894228/tumblr_lr1v94rn3K1qeuobqo1_1280_normal.jpg','RT @jimgeraghty: RT @jimgeraghty: Every Obama-ite currently \"lowering expectations\" will express the same opinion afterwards, that their guy defied expec ...','negative',3,0),(24,'2012-10-01 10:22:41','streaker917',599331925,'Charlie Streaker',NULL,'252775546264645632','http://a0.twimg.com/profile_images/2284683543/v9fcw1f5iblv14fuhfmf_normal.jpeg','RT @MsMaryPotts: RT @MsMaryPotts: Chavez endorsed Obama, when\'s Mahmoud coming out in favor of O? RT if U don\'t want a pres endorsed by these crazies #tc ...','positive',3,0),(25,'2012-10-01 10:22:41','kbowne11',599304496,'Kelly B',NULL,'252775546218487809','http://a0.twimg.com/profile_images/2278113017/daisy_normal.jpg','RT @MsMaryPotts: RT @MsMaryPotts: Chavez endorsed Obama, when\'s Mahmoud coming out in favor of O? RT if U don\'t want a pres endorsed by these crazies #tc ...','positive',3,0),(26,'2012-10-01 10:22:41','ashleyportero',30665373,'Ashley Portero',NULL,'252775545710972928','http://a0.twimg.com/profile_images/2563222714/8n6q7s44q8n97f0aczov_normal.jpeg','New poll from @thehill finds majority of voters expect Obama to win second term\nhttp://t.co/YYrAugdO','positive',3,0),(27,'2012-10-18 08:58:47','rightwinger1988',785396232,'Brittany',NULL,'258915027447336961','http://a0.twimg.com/profile_images/2728715593/026db98bb808d015a2c8bc607dd701e1_normal.jpeg','@KHShan just goes to show that the democrats have nothing on Romney so they have to use stupid tactics like the binder crap','negative',1,0),(28,'2012-10-18 08:58:47','renaalovesz',105275411,'?? (Sha-ree-nuh} ??',NULL,'258915027426349056','http://a0.twimg.com/profile_images/2728239606/3abfd1a1fb64b72d78aac99b089d3d85_normal.jpeg','RT @Nastasia_Stasi: If Romney become president we all gone have to start reading the \"Terms &amp; Conditions\". We might fuck around &amp; be agreeing to slavery.','neutral',1,0),(29,'2012-10-18 08:58:47','NSProgress',98017701,'He\'s aMavrick ',NULL,'258915027178885120','http://a0.twimg.com/profile_images/2707023217/5986d747d81fd053e90b0652deb11ace_normal.jpeg','I think the whole Romney pays lower percentage taxes debate/angle is dumb! 14% of a million is more than 20% of 50k','negative',1,0),(30,'2012-10-18 08:58:47','monsterrxerin',16606147,'Erin Nicole.',NULL,'258915026327453696','http://a0.twimg.com/profile_images/2523400397/image_normal.jpg','\"He\'s hardcore at being a RUHTARD!\" conversation about Romney in first /dead','neutral',1,0),(31,'2012-10-18 08:58:47','CherDuncombe',718204778,'Cher Duncombe',NULL,'258915026004500481','http://a0.twimg.com/profile_images/2717477682/20c0ef5db32d7cdecf6c2cd02cd1f850_normal.png','RT @TksABunchJohn: Tagg Romney Might Have Some Big Man w/ Tattoos Taking a Swing at HIM http://t.co/0C8UPRI8 Ponzi Scheme Cover-Up Exposed #topprog #p2 #p2b','neutral',1,0),(32,'2012-10-18 08:58:47','jennabarb_2326',30276485,'Jennie Ludi',NULL,'258915025736056834','http://a0.twimg.com/profile_images/2551517569/winiiqnuzehd3m3h345w_normal.jpeg','RT @WonkaTweets: ? Obama ? Romney ? Yoga Pants.','neutral',1,0),(33,'2012-10-18 08:58:47','Briannahhoney',345389619,'Briannah Martin',NULL,'258915025169813504','http://a0.twimg.com/profile_images/2720059144/a53d5ab408a366f44898a0c87c792c3e_normal.jpeg','Throughout highschool I wrote papers using the Romney method: \"completely avoid the question because I don\'t know what I\'m talking about\"','negative',1,0),(34,'2012-10-18 08:58:47','LouiseMilone',296922154,'Louise Milone',NULL,'258915025048186880','http://a0.twimg.com/profile_images/1973735505/cas10_normal.jpg','RT @TPM: Why a Romney presidency would be a grave threat to … Romneycare http://t.co/ukRBJvt5','negative',1,0),(35,'2012-10-18 08:59:18','advocatemikos',394188905,'Joe Mikos',NULL,'258915158682898432','http://a0.twimg.com/profile_images/2549565829/3m1cma6bd2ndjffhsuez_normal.jpeg','RT @jraykitty GOP chairman says the media should really stop asking for details about Romney\'s tax plan http://t.co/yuGVU6JB','neutral',1,0),(36,'2012-10-18 08:59:18','DonnaDee479',114247101,'Donna L. Hansen',NULL,'258915157810503680','http://a0.twimg.com/profile_images/2726138102/99a90f0459fb17ba148c4bda2c662a08_normal.png','Romney\'s Bain Capital to Send High-Tech Jobs to China Right Before the Election http://t.co/8lXYcb1H','positive',1,0),(37,'2012-10-18 08:59:18','BlueberryT1',244724820,'BlueberryT',NULL,'258915156359262209','http://a0.twimg.com/profile_images/1229431853/blueberries-butterfly_normal.jpg','RT @HuffPostPol: Study shows how Romney\'s tax math doesn\'t add up http://t.co/Z5tRL0oa','neutral',1,0),(38,'2012-10-18 08:59:18','hrushka13',39415239,'Anna Strygina-Kay',NULL,'258915155444891648','http://a0.twimg.com/profile_images/207976834/pictures-tomcat-chickens_normal.jpg','RT @ezraklein: Yes, I heard what Romney said about his tax plan. And the numbers don\'t work. Math matters.','neutral',1,0),(39,'2012-10-18 08:59:17','cobb_p',469880748,'P. S. Cobb',NULL,'258915154610245632','http://a0.twimg.com/profile_images/2594810790/ROMNEY_RYAN_normal.jpg','RT @rumpfshaker: ICYMI: Actual Women Who Actually Worked With Romney Think He\'s Awesome http://t.co/2OT8Ozr7 #RomneyRyan2012 #HireMeMitt #tcot #ftrradio','positive',1,0),(40,'2012-10-18 08:59:17','gramrco',265313146,'Texco',NULL,'258915154564087809','http://a0.twimg.com/sticky/default_profile_images/default_profile_0_normal.png','Why doesn\'t Romney talk about Obama wanting to tax use of the internet? Sure could swing younger voters.','neutral',1,0),(41,'2012-10-18 08:59:17','paul_trembath',14697079,'Paul Trembath',NULL,'258915154379546624','http://a0.twimg.com/profile_images/2243744466/IMAG0196_normal.jpg','RT @JasonFebery: Mitt Romney: \"Blame parents for violent children.\" \n\nTagg Romney: \"I wanted to take a swing at the President last night.\"','negative',1,0),(42,'2012-10-18 08:59:17','phil_maynard',24918834,'Phil Maynard',NULL,'258915154169839616','http://a0.twimg.com/profile_images/482963224/phil_squaresmall_normal.jpg','RT @WestWingReport: What\'s truly bizarre in an electoral college tie: the House would select the president (Romney), but Dem.-controlled Senate the VP (Biden)','negative',1,0),(43,'2012-10-18 08:59:17','amandalynnkay',177826726,'amanda kauffeld',NULL,'258915153377099776','http://a0.twimg.com/profile_images/2690543686/624c7adcb2a5cd13016197e92d15e8e7_normal.jpeg','My prof just described Romney as a kid with ADHD ahahaha ok I like u','positive',1,0),(44,'2012-10-18 08:59:17','9_to_5_Wook',747671754,'Wook NinetoFive',NULL,'258915152013967360','http://a0.twimg.com/profile_images/2622664137/9wxlkmwe9mq34nnkmr8y_normal.jpeg','‘Dilbert’ creator backs Romney b/c of pot case - very strange - voting because \"it could be better, maybe, not likely\" http://t.co/fvWL0lgO','negative',1,0),(45,'2012-10-18 08:59:17','Delusion_Al',98026629,'Al Delude',NULL,'258915151586156544','http://a0.twimg.com/profile_images/1146885903/Delusion_normal.jpg','@P0TUS @TruOld @thinkprogress Romney is a Tea Party stooge. #TeaPartyTakesOverGOPforFree','negative',1,0),(46,'2012-10-18 08:59:17','NiRuSing',62867072,'Nicola Singleton',NULL,'258915151003127809','http://a0.twimg.com/profile_images/2627883550/iaraklkcyptw1nukisom_normal.jpeg','RT @KayDubzHU: Josh Romney compared President Obama to a child last week, and now Tagg says he wants to \"take a swing.\" WTF. What kind of family is this?','neutral',1,0),(47,'2012-10-18 08:59:35','debdlund',33527531,'debdlund',NULL,'258915227683401728','http://a0.twimg.com/profile_images/1293528231/2011_normal.png','@Lawrence @edshow @TylerKathy: Leaked Audio Captures Romney Asking Employers To Tell Their Employees How To Vote http://t.co/8SRTSHDi','negative',1,0),(48,'2012-10-18 08:59:35','corvetteloverc5',314245092,'sue menges',NULL,'258915227540803585','http://a0.twimg.com/profile_images/1477454345/05pnvQob_normal','RT @slone: BIAS TIPPING POINT? Candy Crowley SO visibly tipped the scales of MSM bias that the end result makes Mitt Romney the next president? #tcot','negative',1,0),(49,'2012-10-18 08:59:35','hughdjohnson',129870274,'Hugh Johnson',NULL,'258915227058438144','http://a0.twimg.com/profile_images/1096903413/image_normal.jpg','This is what Romney is running against... http://t.co/RLDHqrae','neutral',1,0),(50,'2012-10-18 08:59:35','galwayten',56779441,'sheila c',NULL,'258915226857140224','http://a0.twimg.com/profile_images/1898082519/84c51eeb-77e1-4229-91b7-59a824b9bcd8_normal.png','RT @luvGodncountry: Why American Small Businesses Need Mitt Romney - Jovita Carranza - http://t.co/syKWgZaY via @townhallcom','neutral',1,0),(51,'2012-10-18 08:59:35','p34flyboy',58899010,'Kenny Lisle',NULL,'258915226391556096','http://a0.twimg.com/profile_images/2589149258/image_normal.jpg','RT @thehill: Tagg Romney: Obama made me want to rush debate stage, \'take a swing at him\' http://t.co/lr0n4pIH by @JTSTheHill','positive',1,0),(52,'2012-10-18 08:59:34','Sarb719',23890962,'Deb Sarber Matthews',NULL,'258915225582063616','http://a0.twimg.com/profile_images/2376869211/image_normal.jpg','RT @techweenie: Romney isn\'t directly responsible for his idiot son wanting to punch the president. But likely raised him to think he\'s above the law. #ctl','neutral',1,0),(53,'2012-10-18 08:59:34','power2ppl',218276772,'Power To The People',NULL,'258915225246498817','http://a0.twimg.com/profile_images/1172564462/photo_normal.jpg','RT @PhillyD: Audio leaked of Tagg Romney saying he wanted to punch Obama during the second debate. Hahahaha','negative',1,0),(54,'2012-10-18 08:59:34','HistorygeekMN',140533971,'Neal Wertanen',NULL,'258915225108090880','http://a0.twimg.com/profile_images/1271138930/185785_10150094455217956_653952955_6210535_4929723_n_normal.jpg','RT @HuffPostPol: Study shows how Romney\'s tax math doesn\'t add up http://t.co/Z5tRL0oa','neutral',1,0),(55,'2012-10-18 08:59:34','mpostles',35512400,'mary postles',NULL,'258915222050451456','http://a0.twimg.com/sticky/default_profile_images/default_profile_0_normal.png','Pennsylvania councilman, 19, jailed after stealing Romney campaign signs | Fox News http://t.co/sTws4kVi via @foxnewspolitics','negative',1,0),(56,'2012-10-18 08:59:33','Faithleah777',361618973,'Anne Alisma',NULL,'258915219701657600','http://a0.twimg.com/profile_images/2732940217/ad36af77ed9f5a3cf08cca6bf5d883a2_normal.jpeg','RT @DemocraShe: #Romney said a child raised by a single parent had a poor chance of life success. Ironically, he was sharing the stage with one! #debate','negative',1,0),(57,'2012-10-18 09:00:18','mvmckenzie',137391232,'molly mckenzie',NULL,'258915406650155008','http://a0.twimg.com/profile_images/853195116/photo_normal.jpg','RT @gemko: Don\'t care what Tagg Romney said as I\'m too worried that Josh Romney may start telling me about Huey Lewis &amp; the News. http://t.co/EP01pTwl','negative',1,0),(58,'2012-10-18 09:00:17','ArielFroeschl',420110992,'Ariel Froeschl',NULL,'258915405916160000','http://a0.twimg.com/profile_images/2611828447/image_normal.jpg','RT @ItsReginaG: I saw Mitt Romney wearing army pants and flip flops, so I bought army pants and flip flops.','neutral',1,0),(59,'2012-10-18 09:00:17','WhatACatchAJ',213521828,'Aj Mars',NULL,'258915404821458944','http://a0.twimg.com/profile_images/2604447250/6ylflfam1bsb043j1su4_normal.jpeg','RT @PhillyD: Audio leaked of Tagg Romney saying he wanted to punch Obama during the second debate. Hahahaha','negative',1,0),(60,'2012-10-18 09:00:17','TADiLascio',32420183,'Tony DiLascio',NULL,'258915403407958016','http://a0.twimg.com/profile_images/2122893639/IMAG0136_-_Copy_normal.jpg','Raaaaacism! RT @TheFix: Romney could win white vote by historically large margin in November. http://t.co/vt6mgCKX','positive',1,0),(61,'2012-10-18 09:00:17','divaqueenkim',96503405,'Kimberley Jackson',NULL,'258915402808176640','http://a0.twimg.com/profile_images/2708939986/8d25d69ea0173e9ed96f45f71923ca38_normal.jpeg','RT @BarackObama: President Obama has a specific plan to create jobs and grow the economy. Mitt Romney doesn\'t: http://t.co/frK9WweI, http://t.co/s0H5KPCK','neutral',1,0),(62,'2012-10-18 09:00:17','JesseKommu',360114055,'Jesse Kommu',NULL,'258915402640416768','http://a0.twimg.com/profile_images/2655355710/b6b2cbaee97e65df0a8fc2e5683b1969_normal.jpeg','Billy Graham\'s lurch towards Mitt Romney risks his legacy | Jonathan Wynne-Jones http://t.co/cD34El3i via @guardian','negative',1,0),(63,'2012-10-18 09:00:16','ntaylorcollins',21968981,'Taylor Collins',NULL,'258915400966868993','http://a0.twimg.com/profile_images/1202854013/taylorphototwit_normal.jpg','@FranchiseKing @msnbc Joe and the boys think its OK for Romney to lie about his binder full of women that he didn\'t request. #Mika didn\'t.','neutral',1,0),(64,'2012-10-18 09:00:15','spoon1965',535704147,'Allen Deason',NULL,'258915395552022528','http://a0.twimg.com/profile_images/2362243750/IMG-20120702-00140_normal.jpg','RT @MarketWatch: Mitt Romney is leading President Obama by six points in the latest Gallup poll: http://t.co/GK6vnbYH  #elections2012','neutral',1,0),(65,'2012-10-18 09:00:32','Ohiojobswatch',462940679,'Steve Bennish',NULL,'258915468570681344','http://a0.twimg.com/profile_images/1752211670/Steve_at_work_normal.JPG','CPA\'s Stumo slices and dices #Romney/#Obama debates on #trade &amp; economy http://t.co/7WeQinas','negative',1,0),(66,'2012-10-18 09:00:32','GONNAFiTE',570207176,'SEE H0W iT W0RKS',NULL,'258915468067344384','http://a0.twimg.com/profile_images/2696937315/e93103b5c483a97c49e6f0adea9f7583_normal.jpeg','Why Blacks &amp; Women &amp; Latino Voters Reject Romney http://t.co/bxBUFxxR http://t.co/I6A8ASVG http://t.co/QmzrkWF5 http://t.co/rUh48ob5 #0WS','negative',1,0),(67,'2012-10-18 09:00:32','GuerraSylvia',294308374,'?SG ??azteca?',NULL,'258915466242826242','http://a0.twimg.com/profile_images/2730732315/46ea0b9843bd0cb09637e749f15e6424_normal.png','RT @LatinoVoices: Mitt Romney encouraged business owners to advise employees how to vote http://t.co/gtUau2Kg','positive',1,0),(68,'2012-10-18 09:00:31','joethenerd',21984164,'joe ferraro',NULL,'258915465068425216','http://a0.twimg.com/profile_images/83194018/findanerd_normal.jpg','@keystonepol  Would we honor an extradition treaty with China to bring Romney to justice for Tax Evasion?\nhttp://t.co/S6SlUYj4','positive',1,0),(69,'2012-10-18 09:00:31','abcdef_GEISHON',271077199,'Geishon Young-Desir',NULL,'258915461419368448','http://a0.twimg.com/profile_images/2732970605/9aedd3cf751c848cb041ffa59fe5c9ad_normal.jpeg','\"@Ratchet2English: Bands will make her dance,food stamps will make her twerk,If Romney becomes president,these hoes will have to work.\"','neutral',1,0),(70,'2012-10-18 09:00:30','WerVirginia',560604841,'We rVirginia',NULL,'258915460744097792','http://a0.twimg.com/profile_images/2346591305/6e0nbt5gmrrseuki6gok_normal.png','\"I have to be honest with you, I love these debates. It\'s interesting the president still doesn\'t have an agenda for a 2nd term.\" - #Romney','positive',1,0),(71,'2012-10-18 09:00:30','blackvoices',13557972,'BlackVoices',NULL,'258915459489992704','http://a0.twimg.com/profile_images/65906736/bvlgo_normal.jpg','Harry Belafonte: If Romney is elected we\'re in for a \'terrible future\' http://t.co/sPV0KFGu','neutral',1,0),(72,'2012-10-18 09:00:30','boxed_wino_',443731569,'W!NE0',NULL,'258915459322245120','http://a0.twimg.com/profile_images/2634759872/a397e83ec2e31359764cdc6f24510d85_normal.jpeg','RT @ItsJennaMarbles: Life would be easier if Romney and Obama just played The Hunger Games instead.','positive',1,0),(73,'2012-10-18 09:00:30','JDegs',552418593,'J Deggy',NULL,'258915457996836864','http://a0.twimg.com/profile_images/2106646038/image_normal.jpg','\"Women need flexible schedules so they can make dinner. -Mitt Romney\n????????????????????????????????????????????????????????????????????????????????????????????????????????????????????????????????????????????????????????????????????????????????????????????????????????????????????????????????????????????????????????????????????????????????????????????','neutral',1,0),(74,'2012-10-18 09:02:47','LadyLibertyy',337491274,'Rachel Palermo','','258916033782480896','http://a0.twimg.com/profile_images/2653047563/e25f40324a941f6254d1725fb4ec72ef_normal.jpeg','RT @ColbertReport: Voters ask about equal pay for women, and Romney says a two-parent home will reduce gun violence. http://t.co/eV59FFoZ','negative',1,0),(75,'2012-10-18 09:02:47','MeganMac3',388053391,'Megan Mac','','258916033618927617','http://a0.twimg.com/profile_images/1581127212/DC_normal.jpg','RT @ColbertReport: Voters ask about equal pay for women, and Romney says a two-parent home will reduce gun violence. http://t.co/eV59FFoZ','negative',1,0),(76,'2012-10-18 09:02:47','LeahNobers',360222718,'Leah Nobers','','258916033295958016','http://a0.twimg.com/profile_images/2172540957/image_normal.jpg','“@WonkaTweets: ? Obama ? Romney ? Yoga Pants.” @imFRANGtastic this ones for you','neutral',1,0),(77,'2012-10-18 09:02:47','Eykis',19038210,'Eykis','','258916031542726656','http://a0.twimg.com/profile_images/1969997874/Eykis_normal.jpg','RT @JasonFebery: Mitt Romney: \"Blame parents for violent children.\" \n\nTagg Romney: \"I wanted to take a swing at the President last night.\"','negative',1,0),(78,'2012-10-18 09:02:46','Byhisstripes',20618238,'Larry Harris','','258916031026839552','http://a0.twimg.com/profile_images/2684225757/996b3da646dba1675ad0040e09eb5cf5_normal.png','RT @USATODAY: New USA TODAY/Gallup poll: Growing engagement among women voters has pushed Romney ahead of Obama in 12 swing states: http://t.co/VtqhSDxf','positive',1,0),(79,'2012-10-18 09:02:46','lamclay',24200201,'Laura McLay','','258916030234099712','http://a0.twimg.com/profile_images/1531534649/Mclay_square2_normal.jpg','Election is getting closer. MT @electAnalytics: New updates on presidential election. http://t.co/KM3Ap367  #ORMS #Analytics #Obama #Romney','neutral',1,0),(80,'2012-10-18 09:02:46','RyanPadillacki',610920219,'Ryan Padillacki','','258916029307170816','http://a0.twimg.com/profile_images/2316271055/87w1nrj6ux73ys7z9fg2_normal.jpeg','RT @HuffPostPol: Study shows how Romney\'s tax math doesn\'t add up http://t.co/Z5tRL0oa','neutral',1,0),(81,'2012-10-18 09:02:46','danieleastman',25752487,'Daniel Eastman','','258916029021970432','http://a0.twimg.com/profile_images/2223328923/image_normal.jpg','My tweet from last night about the Romney boy with the funny name. WARNING: Joke is not about his funny name. https://t.co/i2cFGMCG','positive',1,0),(82,'2012-10-18 09:02:46','AlinaSuperJew',395723263,'Alina SuperJew','','258916027440721920','http://a0.twimg.com/profile_images/1600461736/superjew_normal.jpg','RT @PhillyD: Audio leaked of Tagg Romney saying he wanted to punch Obama during the second debate. Hahahaha','negative',1,0),(83,'2012-10-18 09:02:45','paijwar',79094653,'Pradeep K Paijwar','','258916025070911488','http://a0.twimg.com/profile_images/1128812595/2c8b32c_normal.jpg','CNN Tries to Blunt Romney Criticism Over Candy Crowley http://t.co/3BWiLSlV','negative',1,0),(84,'2012-10-18 09:03:37','PrinceKato',57346913,'OLUAKIN {PrinceKato}','','258916243833229312','http://a0.twimg.com/profile_images/2435057154/photo-kt1_normal.JPG','Romney’s son says he wanted to punch Obama during second debate | The Raw Story http://t.co/v047euU3','negative',1,0),(85,'2012-10-18 09:03:37','LadyEndsley',28001697,'Natasha Endsley','','258916243116007424','http://a0.twimg.com/profile_images/2640291473/5549839011e46aa39b39c71eb79866f2_normal.png','Uh oh. @Bossip Watch President Obama Call Mitt Romney An “Azzhole” [Video] http://t.co/J9yVu9Bj','neutral',1,0),(86,'2012-10-18 09:03:36','pieroAlessio',526812864,'Piero Gritti','','258916240603623424','http://a0.twimg.com/profile_images/2593433512/f8gnmgnr7ok4w0fsaqyn_normal.jpeg','RT @Reince: President Obama cedes the future to Mitt Romney- http://t.co/QqLlzrKD Good read via @politico','neutral',1,0),(87,'2012-10-18 09:03:36','bryner99',20944031,'Bryan Joiner','','258916238670036993','http://a0.twimg.com/profile_images/2162609045/gfjhg_normal.jpg','If Mitt Romney requested binders full of women, then he didn\'t build that, correct?','neutral',1,0),(88,'2012-10-18 09:03:36','lovelyladypa',15970073,'lovelyladypa','','258916238640705536','http://a0.twimg.com/profile_images/2709028916/9be1d5114708501998118282adb9127f_normal.png','@joenbc @morningmika :Romney Urged Businesses To Tell Their Employees How to Vote In Conference Call','negative',1,0),(89,'2012-10-18 09:03:36','FEElilBADDASSX',270476551,'Felicia ','','258916237885718528','http://a0.twimg.com/profile_images/2722956937/43f454609964c23860274404dd2d784e_normal.jpeg','RT @ItsStewieGriffn: Mitt Romney looks like an actor that was hired to play president in a movie.','neutral',1,0),(90,'2012-10-18 09:03:36','gavinteresting',465198910,'Some call me Gavo','','258916237780856832','http://a0.twimg.com/profile_images/2667003937/1269ce22224cccef17ea43747a6a679a_normal.jpeg','RT @PhillyD: Audio leaked of Tagg Romney saying he wanted to punch Obama during the second debate. Hahahaha','negative',1,0),(91,'2012-10-18 09:03:36','dylanlscott',118130765,'Dylan Scott','','258916237764079616','http://a0.twimg.com/profile_images/1945125000/Dylan-Profile_normal.jpg','Obama and Romney agree #education is critical to economy. So why aren\'t they talking more about it? http://t.co/53ssSJLZ #election2012','positive',1,0),(92,'2012-10-18 09:03:36','bartharris',20129951,'Bart Harris','','258916237298511873','http://a0.twimg.com/profile_images/2716427519/d9db0b287779982e0117cfe955b53c94_normal.jpeg','For some reason I really really like this photo of Mitt Romney with \nbinders full of women. I can’t stop looking at it. http://t.co/vUtDhnzG','neutral',1,0),(93,'2012-10-18 09:03:36','FloridaJayhawk',16190478,'FloridaJayhawk','','258916237105561600','http://a0.twimg.com/profile_images/2718135872/dc85b871432b4eb7384c0968be18270d_normal.png','RT @TheRickWilson: Well, played Team Romney: http://t.co/KipnS7HE','positive',1,0),(94,'2012-10-18 09:03:35','JayeC622',27586108,'Jaye','','258916236170231808','http://a0.twimg.com/profile_images/2681399987/b419ec04293dcb888858cc54f77108c5_normal.jpeg','Stay classy Tagg. \"@tlrd: Tagg Romney Wanted To \'Take A Swing\' At Obama During Debate: AUDIO http://t.co/1no5Veha\"','neutral',1,0),(95,'2012-10-18 09:03:35','ulga_yp',61491573,'ULGA-YP','','258916235037769729','http://a0.twimg.com/profile_images/1220446250/aulyp_logo_2011_small_normal.png','RT @WestWingReport: Univ. of Virginia Ctr. for Politics now says President has just 267 safe/likely electoral votes - three short of needed 270. Romney: 235','neutral',1,0),(96,'2012-10-18 09:04:33','MrsSassyPants',32558095,'Kathleen Murray','','258916477304963072','http://a0.twimg.com/profile_images/2601325983/image_normal.jpg','RT @mediaite: Mika Brzezinski Calls Out Mitt Romney For Lying About Seeking Out \'Binders Full Of Women\' [VIDEO] http://t.co/zBqgwlFl','negative',1,0),(97,'2012-10-18 09:04:33','Daniel0061824',161387747,'Daniel, Esq.','','258916477242048512','http://a0.twimg.com/profile_images/1377925779/Terminator_normal.jpg','RT @thinkprogress: Leaked audio captures Romney asking employers to tell their employees how to vote. LISTEN: http://t.co/8hm9a6ry #icymi','negative',1,0),(98,'2012-10-18 09:04:33','JoshDamage',37811000,'Joshua Gibson','','258916477095251968','http://a0.twimg.com/profile_images/2428868101/8f48d01c-0d6c-43ac-b76f-6eb9703379ae_normal.png','@SavvyAtlGirl if Mitt wasn\'t running nobody would know or care who Tagg Romney was. For a popular band to go overseas and BASH the President','neutral',1,0),(99,'2012-10-18 09:04:33','sojournoffaith',257987097,'Faith G.','','258916477057515520','http://a0.twimg.com/profile_images/2264004788/es0zvjrvsya321205h2s_normal.jpeg','Billy Graham site removes Mormon \'cult\' reference after Romney meeting – CNN Belief Blog - http://t.co/PpGj2XI5 Blogs http://t.co/sNfVG2Jc','neutral',1,0),(100,'2012-10-18 09:04:33','teamvicbo',29707496,'Vicki Nicholls','','258916476990418944','http://a0.twimg.com/profile_images/1901361983/GOV2YTHB_normal','RT @SheSheGo: @Morning_Joe Joe hired Mika and is now INSULTING her on National Television. He and Mitt Romney are both bosses STRAIGHT out of Mad Men.','negative',1,0),(101,'2012-10-18 09:04:33','trojan714',72746863,'P from SoCal','','258916476155723776','http://a0.twimg.com/profile_images/2580202591/image_normal.jpg','RT @MichaelHargrov1: Tagg Romney\'s comments tell you all you need to know about the Romney\'s family and their values.','positive',1,0),(102,'2012-10-18 09:04:32','natalieweisbaum',189649059,'Natalie L.','','258916475899899904','http://a0.twimg.com/profile_images/2509142112/jp1no5qy2kb990i122ap_normal.jpeg','@cleanitupjohnny people in class are saying Romney is going to win the election. So when is our wedding??','positive',1,0),(103,'2012-10-18 09:04:32','CatEtchart',818661548,'Catherine Etchart','','258916475681767424','http://a0.twimg.com/sticky/default_profile_images/default_profile_5_normal.png','Does Obama have overseas pension accounts, like Romney? Interesting how R has been attacked for his oveseas accounts, while O hasn\'t. #RevK','neutral',1,0),(104,'2012-10-18 09:04:32','TheNotoriousGNZ',302910580,'Pablo Gallego','','258916473974697986','http://a0.twimg.com/profile_images/2460149193/w8hvaly0a053zn1s5gvh_normal.jpeg','Mitt Romney\'s binder o\' women was an idea that originally was made by Tom Cruise','neutral',1,0),(105,'2012-10-18 09:04:32','ProsperityFly',457212972,'Prosperity Fly','','258916473915985922','http://a0.twimg.com/profile_images/2487378130/rlo9wjrs1pgo4w3q1pjz_normal.jpeg','5 Twitter Lessons From the Obama and Romney Campaigns http://t.co/SESf6GYJ','neutral',1,0),(106,'2012-10-18 09:04:32','Make_her_sqirt',382414209,'Its My Job To','','258916473861464065','http://a0.twimg.com/profile_images/2404314879/image_normal.jpg','This bitch nicki said I\'m so hood Hollywood couldn\'t change me now she sayin she votin for Romney she a contradicting bitch','negative',1,0),(107,'2012-10-18 09:04:32','JediMindMT',878592660,'Jedi Mind','','258916473253273602','http://a0.twimg.com/profile_images/2713957671/04b802b772ff80572e95406ceb386cc3_normal.jpeg','Mitt Romney Tax Plan: Study Shows Deduction Caps Don\'t Pay For Tax Cuts - Huffington Post http://t.co/UubCXwqB','neutral',1,0),(108,'2012-10-18 09:04:32','thedlv915',589664936,'Derrick Lorn Vaughn','','258916472871612416','http://a0.twimg.com/profile_images/2247890303/31084_1450402947340_1451224147_31165675_5313463_a_normal.jpg','RT @calvinfleming: Romney on \"BINDR\" seeking female employees.. LOL @RadioGuyChris @TheRealTBone #binderfullofwomen http://t.co/7GPlEzWS','neutral',1,0),(109,'2012-10-18 09:04:32','Dmagic716',321181703,'Music, Sex, Drugs  ?','','258916472766738433','http://a0.twimg.com/profile_images/2731993444/95a6469fc474d0ad7633b2de91e95cb4_normal.jpeg','RT @RealRaymondJ: Let\'s See Who Wins: \n#RETWEET for OBAMA. \nFavorite for Romney!','positive',1,0),(110,'2012-10-18 09:04:35','JazminLui',533480127,'Jazmin Lui','','258916486624706560','http://a0.twimg.com/profile_images/2652891729/c1c6b8649d6e6099720c27f2665c65e1_normal.png','RT @Ritallin: Is Obama’s Latino tidal wave being missed by English-only polling? http://t.co/aBc21Nkn via @globeandmail','neutral',3,0),(111,'2012-10-18 09:04:35','tribefaninohio',41021723,'Tribe Fan in Ohio','','258916485202857985','http://a0.twimg.com/profile_images/335379338/Chief_Wahoo_pic_normal.jpg','ROFL!  #newsweek RT @chrislhayes: Final Newsweek cover: Why Barack Obama is the Worst Gay President to Ever Breastfeed Muslim Rage','negative',3,0),(112,'2012-10-18 09:04:34','kfmurph',80349589,'Murph','','258916483416064004','http://a0.twimg.com/profile_images/2242620269/twitter_normal.jpg','RT @thecaucus: College Costs Test Obama’s Education Policies http://t.co/zhLw1BdB','negative',3,0),(113,'2012-10-18 09:04:34','i_MariahCarey',555617188,'Mariah Carey Watch','','258916483399303169','http://a0.twimg.com/profile_images/2140801788/images_normal.jpg','#Entertainment #News Obama on Mariah Carey, Nicki Minaj Feud: I\'m About Bringing People... http://t.co/BfNIJbHY #Cool Go','positive',3,0),(114,'2012-10-18 09:04:34','New0rleans_Lady',590156804,'SouthernFried_Mama','','258916482929537024','http://a0.twimg.com/profile_images/2266819659/mwg0ie5jzr2vx75y367v_normal.jpeg','RT @fredthompson: Restaurant to cut worker hours to avoid Obamacare expenses. Obama said if you like your ins you can keep it. Didn\'t mention your job. #tcot','neutral',3,0),(115,'2012-10-18 09:04:34','committedvoter',15714051,'Committed voter','','258916481314738176','http://a0.twimg.com/profile_images/2141653272/US_Flag_Flying_normal.jpg','RT @Reince: President Obama cedes the future to Mitt Romney- http://t.co/QqLlzrKD Good read via @politico','negative',3,0),(116,'2012-10-18 09:04:34','SriramaTanniru',373465715,'Srirama Tanniru','','258916481088237568','http://a0.twimg.com/profile_images/1542878044/srirama_tanniru_normal.jpg','Despite Obama Team LIES abt a War on women~&gt; Mitt Romney’s gains with women http://t.co/mKPGIRV2 via @newyorkpost #Mitt2012 @MomMilkshake','negative',3,0),(117,'2012-10-18 09:04:34','adam_the_k',137134174,'Adam K','','258916480865931264','http://a0.twimg.com/profile_images/2352754209/kg9jcjo2r2f8vj12ojj9_normal.jpeg','RT @chrislhayes: Final Newsweek cover: Why Barack Obama is the Worst Gay President to Ever Breastfeed Muslim Rage','negative',3,0),(118,'2012-10-18 09:04:34','brotherjrjohnso',261244224,'Jeremy Johnson','','258916480375193600','http://a0.twimg.com/profile_images/1262775894/Jeremy_GC2_normal.jpg','@crowleyCNN You seem to have been: a) over your head in this debate OR b) prepared ahead of time to defend Obama\n@CNN','positive',3,0),(119,'2012-10-18 09:04:33','AlanaRian',28397116,'Alana Garces','','258916480215810048','http://a0.twimg.com/profile_images/1336401929/IMG_3765_normal.jpg','RT @PhillyD: Audio leaked of Tagg Romney saying he wanted to punch Obama during the second debate. Hahahaha','negative',3,0),(120,'2012-10-18 09:04:33','MarshallSbar',141196828,'Marshall','','258916480199049217','http://a0.twimg.com/profile_images/2658808660/71002b6a90dbb4944df6f43bac15b9a3_normal.jpeg','@Time2Standup80 don\'t bring Rocky into this, he was from Philly &amp; Philly is Blue #Obama Country! #OTVB','neutral',3,0),(121,'2012-10-18 09:04:33','safwansparks',287589329,'F E L C R A ?','','258916479272095745','http://a0.twimg.com/profile_images/2732787797/4e69d41c6f87e9f39f81cc2ef35283b3_normal.jpeg','RT @Factstagram: Barack Obama collects Spider-Man and Conan the Barbarian comics','negative',3,0),(122,'2012-10-18 09:04:33','john_herrmann23',284835833,'John Herrmann','','258916478122860545','http://a0.twimg.com/profile_images/2544002997/38WwQ2W0_normal','RT @TeaPartyCat: Tagg Romney: \"I wanted to punch Obama during the debate. And I would\'ve too, except, you know, Biden.\"','negative',3,0),(123,'2012-10-18 09:04:33','princesinventor',411601904,'Rick','','258916477783142400','http://a0.twimg.com/sticky/default_profile_images/default_profile_0_normal.png','@davidaxelrod all obama did is support facebook twitter and no woman on theboard accept one with facebook the law did nothing  waste','positive',3,0),(124,'2012-10-18 09:04:33','DruewT',711619902,'Druew Toshlen','','258916477762142208','http://a0.twimg.com/profile_images/2487321066/mckzyi5diynfnofeyeoq_normal.png','RT @FollowMeOBAMA: Only A Real Man Can Admit To His Mistakes. #OBAMA','neutral',3,0),(125,'2012-10-18 09:05:31','XX_RATED_TWEETS',344495154,'Real Nigga™','','258916722835341312','http://a0.twimg.com/profile_images/2638146980/c76f2c1cabc100d83c53d1701a2961e0_normal.jpeg','RT @ibet_deyhate: if you black you have no business voting for romney','neutral',1,0),(126,'2012-10-18 09:05:31','Kumle90',237672907,'Sindre Kumle Berg','','258916721753194497','http://a0.twimg.com/profile_images/2206494991/v6sQJ91q_normal','RT @AshOfPalletTown: Are Romney and Obama going to have a Pokemon battle? http://t.co/hOA3LFuT','neutral',1,0),(127,'2012-10-18 09:05:31','taxjustice',58113946,'CTJ','','258916721321181184','http://a0.twimg.com/profile_images/362802721/ctjnewlogomini_normal.gif','Romney took liberties with tax policy in the debate. We break it down, http://t.co/BbzkAggk','positive',1,0),(128,'2012-10-18 09:05:31','SavvyFive',261364600,'Markeshia A. Grant','','258916720813686784','http://a0.twimg.com/profile_images/2715102019/7c89022331adce0f0f5d3540215316ce_normal.jpeg','@StaceTheSweet - Romney\'s son.','neutral',1,0),(129,'2012-10-18 09:05:31','BT28399132',578822790,'butt naked films','','258916719937089537','http://a0.twimg.com/profile_images/2214253038/309054_161564667262515_100002269472204_331251_891250534_n_normal.jpg','Is Romney\"s Binders, Is that where he is hiding his other wives?','neutral',1,0),(130,'2012-10-18 09:05:31','budholly59',71907621,'Buddy','','258916719836426240','http://a0.twimg.com/profile_images/1548811834/HopePoster_normal.png','RT @FactsAboutMitt: Mitt Romney supports privatizing Social Security. http://t.co/xkxESh0A','positive',1,0),(131,'2012-10-18 09:05:31','pj9728',49342263,'phj','','258916719731548162','http://a0.twimg.com/profile_images/1346117430/image_normal.jpg','RT @AnmalCracker: Its so hard to believe that there are people who think #Romney will help the middle class...','positive',1,0),(132,'2012-10-18 09:05:30','HollyHOOD_Brat',545594886,'11:22 ?&?','','258916719312117760','http://a0.twimg.com/profile_images/2658661862/5bcef35b15a355768ec77c69db3386e0_normal.jpeg','RT @HesTheMan_: Mitt Romney gone take away weave IF he become president, hoes gone be walking around looking like lil bill and calliou','negative',1,0),(133,'2012-10-18 09:05:30','tweetinallnight',260996489,'Tweetin All Night','','258916718297104386','http://a0.twimg.com/profile_images/2586880828/vMTpC1PA_normal','RT @Rick_Gorka: More from the UL: \"Romney’s smarter policies would unleash the economic potential that has been suppressed by Obama’s suffocating practices\"','positive',1,0),(134,'2012-10-18 09:05:30','craigspaulding',61690141,'Craig Spaulding','','258916717869268992','http://a0.twimg.com/profile_images/2355898237/IVeJABs6_normal','@PoliticalTicker: Romney son jokes he wants to \'take a swing\' at Obama - http://t.co/kuleFS0I','positive',1,0),(135,'2012-10-18 09:05:34','MAAS496',546724872,'BW','','258916733417566209','http://a0.twimg.com/profile_images/2049090498/I_stand_with_Israel_normal.jpg','RT @cleo54123: Treason: Obama outs Al Qaeda infiltrator for Election Gain http://t.co/zlXpI3Fd','negative',3,0),(136,'2012-10-18 09:05:34','davekoffer',19757184,'Dave Koffer','','258916733270769665','http://a0.twimg.com/profile_images/1591662769/_MP_1366_web__normal.jpg','Obama Campaign Co-Chair Eva Longoria Promotes Vulgar Attack on Romney http://t.co/9PcGKVG3 via @sharethis','negative',3,0),(137,'2012-10-18 09:05:34','BabiiDread',151566011,'Jayne ','','258916733182672896','http://a0.twimg.com/profile_images/2725196549/4e27b06d6ec9b2bb6be2c4f1163c6d94_normal.jpeg','Obama gotta do good in the debate on Monday or he\'s done for smh','positive',3,0),(138,'2012-10-18 09:05:33','TFair1979',37796757,'Tonya Fairbanks','','258916731328794624','http://a0.twimg.com/profile_images/2470680484/image_normal.jpg','RT @Frustr8ed: Obama will make sure jobless women receive the SAME AMOUNT OF FOOD STAMPS as jobless men!  Promise! #tcot','negative',3,0),(139,'2012-10-18 09:05:33','andersronmark',26201664,'Anders Rönmark','','258916728854171648','http://a0.twimg.com/profile_images/1325290637/Bild_AR_normal.jpg','RT @joshgreenman: In final Newsweek, Andrew Sullivan will argue that only Barack Obama can save Newsweek; Niall Ferguson will blame Obama for killing Newsweek','negative',3,0),(140,'2012-10-18 09:05:33','JoanneD14',20414839,'Joanne Ullery','','258916728048869377','http://a0.twimg.com/profile_images/2622763630/3b0b06874xfz6cmxyjwh_normal.jpeg','Jobless claims snap back up http://t.co/keoUOxpq via @CNNMoney  Bad news for Obama and his failed administration  #tcot','negative',3,0),(141,'2012-10-18 09:05:32','CherylTptx',567209572,'cheryl w','','258916727063199747','http://a0.twimg.com/profile_images/2221520612/Capture_normal.PNG','RT @dentman333: Aching sides! Michelle Obama pulls a Cutter; says Obama never points fingers, blames anyone else. Lying or delusion  http://t.co/NkYKfGLO','positive',3,0),(142,'2012-10-18 09:05:32','themelony',31322268,'•Melz•™','','258916726916399104','http://a0.twimg.com/profile_images/2643821979/076a4a123942360150a89ef70a697250_normal.jpeg','RT @PAC43: Obama Campaign Walking Away From Florida, North Carolina, Virginia, Colorado… http://t.co/vBHKbGWD','neutral',3,0),(143,'2012-10-18 09:05:32','madewithglee',87092509,'Gleeza ','','258916726643777537','http://a0.twimg.com/profile_images/1877006152/023_normal.jpg','RT @HuffingtonPost: Romney\'s pension dwarf\'s Obama\'s in size, political incorrectness  http://t.co/u2VllQPt','negative',3,0),(144,'2012-10-18 09:05:32','Mattison',4214321,'Mattison','','258916726136242176','http://a0.twimg.com/profile_images/2215774909/Mattison-Baby_bigger_normal.png','RT.@CBSThisMorning: Ted Turner: I like Obama’s policies better... he’s better on the environment and truly wants to end the wars. #p2 #tcot','positive',3,0),(145,'2012-10-18 09:05:32','Norsu2',149315713,'Norsu','','258916725402263553','http://a0.twimg.com/profile_images/1935303990/003zzz2_normal.jpg','RT @GOP: VIDEO: Former Obama Econ Advisor Examines The Slow GDP Growth Under Obama http://t.co/dQfQy4ot #tcot','negative',3,0),(146,'2012-10-18 09:05:32','jackwadeshow',64397500,'Jack Wade','','258916725112836096','http://a0.twimg.com/profile_images/377617429/jwblogtwtr_normal.jpg','If Romney wins, he\'ll install elevators in The White House for his cars and ignore us. Vote Obama!','neutral',3,0),(147,'2012-10-18 09:05:32','ZonadoGuaxinim',409005713,'Zona do Guaxinim','','258916724836036608','http://a0.twimg.com/profile_images/2430309139/88j5q57c2cn5bn7d7b5n_normal.png','Epic Rap Battles of History - Barack Obama vs Mitt Romney http://t.co/tRjU9QUB','neutral',3,0),(148,'2012-10-18 09:05:32','Hawaii_travels',169039928,'Hawaii Travel News','','258916724609536000','http://a0.twimg.com/profile_images/1082715351/haw_aii_normal.jpg','For Romney and Obama, one-liners are on the menu - Honolulu Star-Advertiser http://t.co/33J2HgqQ','neutral',3,0),(149,'2012-10-18 09:05:32','June_of_Pdub',22967940,'June','','258916723774861312','http://a0.twimg.com/profile_images/2700790128/1636f1d305fe073dbc71858a623c4309_normal.jpeg','RT @harmonyforlife: The Constitution, Obama knows or cares about it, about as well as he knows or cares any facts!','positive',3,0),(150,'2012-10-18 09:06:36','Rudster_92',761855143,'Rudy Chavez','','258916994408148992','http://a0.twimg.com/profile_images/2711583192/c672ab344f92400d324586941f5fbfbf_normal.jpeg','Mitt romney is out of there #binders full of woman xD','neutral',1,0),(151,'2012-10-18 09:06:36','Loving_Liberal',885864409,'Loving Liberal','','258916994148085760','http://a0.twimg.com/profile_images/2727744506/2cc13c4e7cfb1de6bf1fed3313eb67f6_normal.png','RT @HuffPostPol: Study shows how Romney\'s tax math doesn\'t add up http://t.co/Z5tRL0oa','neutral',1,0),(152,'2012-10-18 09:06:36','legionbirdman',22781312,'Robert White','','258916992025776128','http://a0.twimg.com/profile_images/125604517/IMG_0700_normal.JPG','Matthews:Romney Doesn’t Understand  Constitution Because He ‘Looks Down’ on President Obama ‘as a Person http://t.co/U3pfJnR4 via @theblaze','negative',1,0),(153,'2012-10-18 09:06:35','CoraMercado6',888778057,'Cora Mercado','','258916991342092288','http://a0.twimg.com/profile_images/2732985078/605946f79826d36071995f7eaa4b637a_normal.jpeg','#romney How do Susie erase these kind of images from the internet?  http://t.co/Xcc581kS','negative',1,0),(154,'2012-10-18 09:06:35','SilkDamask',617143499,'SilkDamask','','258916991069470721','http://a0.twimg.com/profile_images/2451560884/93ried0srknwqz6gzbdj_normal.jpeg','RT @womensweardaily: Pols of the Week: President Obama and Mitt Romney both went for American suits at their debate — but who won? http://t.co/Ghi08teK','positive',1,0),(155,'2012-10-18 09:06:35','CHOFONDA',34473027,'Rachael Snow','','258916989806977024','http://a0.twimg.com/profile_images/2563284939/image_normal.jpg','RT @TheOnion: Tearful Romney Announces He Has Rare Disease Where You Can’t Sit Quietly On Stool When Repeatedly Asked To http://t.co/akyomCZt','negative',1,0),(156,'2012-10-18 09:06:35','daleleyiii',55360303,'Dale Ley III','','258916989672751104','http://a0.twimg.com/profile_images/2575249291/image_normal.jpg','RT @markhoppus: Does Mitt Romney know that dads can also go home and make dinner and be there for their kids?','neutral',1,0),(157,'2012-10-18 09:06:35','darlene1980',24086385,'Rhonda Korosi','','258916988049563648','http://a0.twimg.com/profile_images/2548617998/vs7njpje17kuqrwlph3v_normal.jpeg','Comedian D.L. Hughley to Joy Behar: Romney Talked to Obama During the Debate ‘Like a Man Talking to...’ http://t.co/tFykE9vx via @theblaze','positive',1,0),(158,'2012-10-18 09:06:35','rockhoppersf',19289638,'Mooney Gow','','258916987965693953','http://a0.twimg.com/profile_images/2727815166/2c9b0b8adc17dff8d04ca0a496453547_normal.jpeg','RT @FactsAboutMitt: Romney will \"consider a higher retirement age\" for Social Security &amp; Medicare to preserve tax breaks for corporations. http://t.co/R0KbZDvx','positive',1,0),(159,'2012-10-18 09:06:34','Amalalib',66000795,'Amy McDonald','','258916987269431299','http://a0.twimg.com/profile_images/1223841290/Library_pictures_018_normal.JPG','RT @LOLGOP: Romney was closing the gender gap. Fortunately, women are figuring out who he\'d fill it with -- Robert Bork, Pat Robertson, Rick Santorum.','neutral',1,0),(160,'2012-10-18 09:06:34','HomebirthMother',222962691,'Jess Groves','','258916987017756673','http://a0.twimg.com/profile_images/2586299655/image_normal.jpg','RT @michellemalkin: I\'d rather be a woman in Romney employment binders than a clueless femme wearing Obama blinders.','negative',1,0),(161,'2012-10-18 09:06:39','FightBackPain',260685959,'React Sports Creams','','258917006038941696','http://a0.twimg.com/profile_images/1269400421/images-14_normal.jpg','Despite Pledge of Open Government, Obama Prosecuting Whistle-Blowers as Spies...: Despite Pledge of Open Governm... http://t.co/2nEXsSAW','positive',3,0),(162,'2012-10-18 09:06:38','UnaNulty',389790557,'una nulty','','258917003455246338','http://a0.twimg.com/profile_images/1586736690/image_normal.jpg','RT @HuffingtonPost: Romney\'s pension dwarf\'s Obama\'s in size, political incorrectness  http://t.co/u2VllQPt','negative',3,0),(163,'2012-10-18 09:06:38','priyaghumman',15211134,'priyaghumman','','258917002784169984','http://a0.twimg.com/profile_images/443566356/photo_normal.jpg','RT @JasonMattera: Obama needed a freaking CNN anchor to rescue him on Libya. And yet he wants us to trust him with another four years? You kidding me!?','positive',3,0),(164,'2012-10-18 09:06:38','ThinksLogical',790053139,'Robert Dee','','258917001806901248','http://a0.twimg.com/profile_images/2624770410/erdcpu64esrfv41ks9eo_normal.png','#Obama, if you are re-elected, what is your plan for the next 4 yrs? Ahhhhh, Ahhhh Blame Bush.... #tcot #FailedAenda #GOP2012','neutral',3,0),(165,'2012-10-18 09:06:38','JAvedon1',868394222,'J. Avedon','','258917001706237952','http://a0.twimg.com/profile_images/2695418227/a7645e3d4151ac8c3cda0b1d847d5383_normal.jpeg','RT @chrislhayes: Final Newsweek cover: Why Barack Obama is the Worst Gay President to Ever Breastfeed Muslim Rage','negative',3,0),(166,'2012-10-18 09:06:38','Desireeemoore',755751559,'Desiree E Moore','','258917000934477824','http://a0.twimg.com/profile_images/2535700815/image_normal.jpg','RT @KatrinaPierson: @oreillyfactor It wasn\'t strange Crowley had the transcript, it was strange that Obama knew it &amp; even pointed to it.','negative',3,0),(167,'2012-10-18 09:06:37','T_PartyInfantry',40725770,'Harish PA USA EARTH','','258916998925406208','http://a0.twimg.com/profile_images/2652171183/8c873422935b7095ea8b84eb9f36798b_normal.jpeg','“@FoxNews: Bomb plot suspect\'s dad says son incapable of such actions; spent life savings to send son to US \n\n\n-is the kids Dad, Obama?','neutral',3,0),(168,'2012-10-18 09:06:37','plantlady35',114727423,'Freedom Garden','','258916998346584064','http://a0.twimg.com/profile_images/699057128/New_Image_normal.jpg','Bibi vs. Obama http://t.co/vkIqlkYf via @ewerickson','neutral',3,0),(169,'2012-10-18 09:06:37','stevemistler',17790687,'Steve Mistler','','258916998015229952','http://a0.twimg.com/profile_images/2310793811/j0idhgb76odeo7wk9rfk_normal.jpeg','Obama in NH for \'Around the clock Barack\' blitz: #mepolitics http://t.co/Kfi0Y5Pr','neutral',3,0),(170,'2012-10-18 09:06:37','paulessick',709523701,'paul essick','','258916997381885952','http://a0.twimg.com/profile_images/2515145126/2b0p298thu1p3qy3oyl0_normal.jpeg','RT @AndyWendt: RT @Stranahan: Obama Didn’t Tell Debate Audience The Truth About Apple &amp; Manufacturing http://t.co/Q79dhYuE #tech #tcot','positive',3,0),(171,'2012-10-18 09:06:37','BreakingNewz',168805641,'Conservative News ','','258916996689850368','http://a0.twimg.com/profile_images/1091810673/rss_withshadow_normal.png','Drudge Report - Despite Pledge of Open Government, Obama Prosecuting Whistle-Blowers as Spies...: Despite Pledge... http://t.co/6cfqo0vH','positive',3,0),(172,'2012-10-18 09:06:36','757Followerz',314522632,'iDNC Media empire757','','258916995150512128','http://a0.twimg.com/profile_images/1389820983/757_normal.jpg','Who Looked More Bangin? Brandy Kicks It With Michelle Obama In NYC [Photos] http://t.co/f9Y69eGv','neutral',3,0),(173,'2012-10-18 09:06:36','dobromill',596741681,'Luke?','','258916993984499712','http://a0.twimg.com/profile_images/2721654959/60ba9cd364fac6afd46dcfd75fc6da80_normal.jpeg','RT @YABOYMITT: Obama saying i\'m gonna put the country in a bad place but i\'m bout to put his wack ass on blast','negative',3,0),(174,'2012-10-18 09:07:44','rjcxusa',284567089,'Bob Collins','','258917279914401792','http://a0.twimg.com/profile_images/1397856102/image_normal.jpg','RT @WeGotEd: If Tagg Romney  likes confrontation so much maybe he should join the military.','positive',1,0),(175,'2012-10-18 09:07:44','ObligedtoOffend',154485832,'James Bloodworth','','258917279432069121','http://a0.twimg.com/profile_images/2648158295/66e464d6849c80d147155868c57aedcb_normal.jpeg','His legacy as a peddler of bigotry?? &gt;&gt;&gt;Billy Graham\'s lurch towards Mitt Romney risks his legacy: http://t.co/5SzNTdfv via @guardian','negative',1,0),(176,'2012-10-18 09:07:44','PMcKennaIV',209110046,'McK Boston','','258917279310417921','http://a0.twimg.com/profile_images/1186838920/twitter_normal.jpg','RT @vjhenderson: Someone asked me when #Romney will stop lying?  I asked them to tell me one lie.  They have yet to answer... Since yesterday...','negative',1,0),(177,'2012-10-18 09:07:44','mommyblaze',29970846,'shelly blazoff','','258917278635151361','http://a0.twimg.com/profile_images/196093586/o2_023_normal.jpg','RT @DRUDGE_REPORT: Secret Service \'Aware\' of Threats Against Romney... http://t.co/XjFDbDZS','negative',1,0),(178,'2012-10-18 09:07:44','_williamson19',463566607,'jacob williamson','','258917278572220416','http://a0.twimg.com/profile_images/2596016411/image_normal.jpg','RT @AshOfPalletTown: Are Romney and Obama going to have a Pokemon battle? http://t.co/hOA3LFuT','neutral',1,0),(179,'2012-10-18 09:07:44','TypicalCon',42767629,'ConservativeWoman','','258917278006005761','http://a0.twimg.com/profile_images/2625570202/sy3o5my2os1zrti22jx9_normal.jpeg','RT @DrewMTips: I\'m really unclear on how Romney wanting a larger of pool of women to chose from to fill positions makes him anti-women. #Binders','negative',1,0),(180,'2012-10-18 09:07:43','TeaRattlesnake',625574591,'TR','','258917277037125632','http://a0.twimg.com/profile_images/2577848536/khfv861mebroeqs62n3p_normal.jpeg','RT @68titan: Karl Rove: NO CANDIDATE HAS EVER LOST With Numbers Like What Mitt Romney Has Today (Video) http://t.co/WGubcMMG','negative',1,0),(181,'2012-10-18 09:07:43','Indybluebird',556490067,'Indybluebird','','258917276080824320','http://a0.twimg.com/profile_images/2183512789/BO-2012-14_1__normal.jpg','RT @CurlynDoris: Supposid journalist @MarkHalperin not being interested in Romney telling a prepared lie at debate is exactly why @Morning_joe is irrelevant','neutral',1,0),(182,'2012-10-18 09:07:43','mikesmith076',456455148,'Angel M Valenzuela ','','258917275975954432','http://a0.twimg.com/profile_images/1753159453/AV_normal.jpg','@Tigerfists88 what actual legislation has Romney actually passed for women while he was governor?','neutral',1,0),(183,'2012-10-18 09:07:43','mspray1',56340204,'Raymond C.','','258917274440851456','http://a0.twimg.com/profile_images/2703991717/803d2477013d8eef105173dc909e7094_normal.jpeg','Leaked Audio Captures Romney Asking Employers To Tell Their Employees How To Vote: Newly-discover... http://t.co/xkbhymxQ #thinkprogress','negative',1,0),(184,'2012-10-18 09:07:47','coolbeans18',29100193,'J.S.','','258917292803497984','http://a0.twimg.com/profile_images/1934221140/09300e00-a9da-4da3-96e9-e5c8e4b66b79_normal.png','RT @abba_ks: Hey @JoeNBC lots of women I know - who aren\'t particularly political - were PISSED at #bindergate.  Moved them much more to Obama.','neutral',3,0),(185,'2012-10-18 09:07:47','DrainedTheSwamp',392230258,'DrainTheSwamp','','258917291717177344','http://a0.twimg.com/profile_images/1591491004/drain_the_swamp_bumper_sticker-p128277748313852289trl0_400_normal.jpg','RT @PounderFile: PolitiFact: \"Mostly True\" that \"Obama also has investments in Chinese companies and through a Cayman Islands trust\" http://t.co/BJgmJdnN','positive',3,0),(186,'2012-10-18 09:25:11','usedtobgop',796493114,'usedtobgop','','258921670448934913','http://a0.twimg.com/profile_images/2566394692/sjbi4m8ym0qi74fy4vr3_normal.jpeg','RT @saysme1941: @cher: Thanks Cher. Your always in the right place in your heart for the troops &amp; women. Aren\'t you glad you\'re not in the Romney Binder LOL','negative',1,0),(187,'2012-10-18 09:25:10','CheltseaLane',127549794,'Chelsea','','258921668410474497','http://a0.twimg.com/profile_images/2542140032/msljxd7vjkw06xq2fkqq_normal.jpeg','Ann Romney wore $1,690 dress to debate. Michelle Obama\'s ensemble was a mere $3,290. Seriously, people? http://t.co/c634nqNy','neutral',1,0),(188,'2012-10-18 09:25:10','GildaMundson',120610334,'Gilda Mundson','','258921667483549696','http://a0.twimg.com/profile_images/765090259/100_0864_normal.jpg','RT @ScottGalupo: I\'ve got a post up at @amconmag wondering if Romney might inherit the Obama recovery &gt;&gt; http://t.co/m3awXAfc','neutral',1,0),(189,'2012-10-18 09:25:10','gloriajbv',353125639,'gloria Obama vaughan','','258921666653077504','http://a0.twimg.com/profile_images/2341937542/MDTJWLRb_normal','RT @GranBoisGal: @alexwitt Romney company Damon Clinical Laboratories was busted in huge Medicare fraud case #p2 #tcot http://t.co/7ht3WR0q via @irie1972','negative',1,0),(190,'2012-10-18 09:25:10','SaveAmerica12',532743570,'Save America','','258921666174935040','http://a0.twimg.com/profile_images/2628739556/bedac7c170ee7ae332d95c1c75d01bbe_normal.jpeg','RT @WiseUpLibs: Stunner. DNC Used Corporate Cash at Convention Despite Pledge http://t.co/ippbcTBU @gatewaypundit No Obama - Vote 4 Mitt Romney &amp; Paul Ryan','positive',1,0),(191,'2012-10-18 09:25:09','Clemaster3',184645166,'Christian Lemaster','','258921664304263168','http://a0.twimg.com/profile_images/2186218533/shit_normal.jpg','“@InstgramFails: Mitt Romney doesn\'t even know http://t.co/l2EsOSBL” hahaha @middendope #FreeBoosie','positive',1,0),(192,'2012-10-18 09:25:09','jackboychadd',372633865,'-- Asssssšš M@ñ  ?','','258921663775772672','http://a0.twimg.com/profile_images/2663059506/31d9fa62f453fbee7152d914cb330bfd_normal.jpeg','Fuck Romney  http://t.co/uRE5Ux6U','neutral',1,0),(193,'2012-10-18 09:25:09','swiftenburg',83335076,'Stefan Swift','','258921663381504000','http://a0.twimg.com/profile_images/825942509/GetAttachment.aspx_normal.jpeg','Finally, an article on the US Election I\'ll actually read via @VICEUK | WHO\'D YOU RATHER: MICHELLE OBAMA OR ANN ROMNEY? http://t.co/x3Nw7EoP','neutral',1,0),(194,'2012-10-18 09:25:14','Illiter8',31564073,'Lynn','','258921682448822273','http://a0.twimg.com/profile_images/2713835098/6b8d8de6ade0ce62da3f55f5fef8b903_normal.jpeg','Empty eyes. Empty hearts. Can\'t fight.\n“.@bpshow: Tagg Romney wants to \"take a swing\" at Obama? Isn\'t this a threat? http://t.co/zIusHTcX”','neutral',3,0),(195,'2012-10-18 09:25:14','shilzy',24795012,'shaun buckley','','258921682423664640','http://a0.twimg.com/profile_images/1816552868/Screen_shot_2012-02-09_at_7.07.52_PM_normal.png','Tagg Romney Wanted To \'Take A Swing At\' Obama For Saying Mitt Romney Wasn\'t Telling The Truth http://t.co/p43UKZFG via @bi_politics','negative',3,0),(196,'2012-10-18 09:25:14','partisantotruth',315628235,'Partisan To Truth','','258921682025197568','http://a0.twimg.com/profile_images/1392239868/partisantotruth_normal.jpg','RT @HeidiL_RN: “@DocHolliday672: @HeidiL_RN too bad big bird wasn\'t the libyan ambassador; Obama might have done something to protect him” #Romney','negative',3,0),(197,'2012-10-18 09:25:13','Whiterose4ever',209038684,'Silvia Aguiar-Iglesi','','258921680917917697','http://a0.twimg.com/profile_images/2661866200/ef07e5e956325883e4f0d4b1949a4638_normal.png','RT @realDonaldTrump: Obama talks about what he is going to do--why the hell didn\'t he just do it, especially in the first 2 years when he had all votes necessary','negative',3,0),(198,'2012-10-18 09:25:13','redellis1',475447456,'kim ellis','','258921680154537984','http://a0.twimg.com/profile_images/2637984078/a52c89055b250f2f2de8e81224752b87_normal.jpeg','RT @KevinMaddenDC: \"Obama cedes the future to Romney\" - http://t.co/yi3xLxX6 #CantAfford4More','negative',3,0),(199,'2012-10-18 09:25:13','601Toya',37209712,'Toya Lachel ','','258921679454089216','http://a0.twimg.com/profile_images/2708922150/011e7fbad9273fe0b823576ca753c8b2_normal.jpeg','RT @Kcirredd: Headline @USATODAY: Romney son jokes about punching Obama http://t.co/dxTeteHW','positive',3,0),(200,'2012-10-18 09:25:13','junedtan',108268817,'juned tan','','258921679164678144','http://a0.twimg.com/profile_images/2352267872/342136909_normal.jpg','Mangstap!jrg ada nih \"@edwardsuhadi: Obama in yesterday debate: \"I am the president. Everything is my fault.\" Now that\'s a leader. #fb\"','neutral',3,0),(201,'2012-10-18 09:25:13','WiseUpLibs',254373818,'WiseUPLibs','','258921677818314752','http://a0.twimg.com/profile_images/1249039668/WiseUPLibs_normal.jpg','NBC News: Challenging Obama Is Unconstitutional - 2012 Presidential Debates - Fox Nation http://t.co/ZxVLDNFO No Obama -Vote for Mitt Romney','negative',3,0),(202,'2012-10-18 09:25:13','vincemercury30',44899678,'Lance V. Williams','','258921677356949504','http://a0.twimg.com/profile_images/2653570360/c3a9e82d40c3181f8b163f6af746bdf0_normal.png','@KrystalBall1 finally we can start talkin deal on fiscal cliff which is the basis of Obama\'s plan for the economy. BO has the advantage here','positive',3,0),(203,'2012-10-18 09:25:12','drhoagie',259984337,'drhoagie','','258921676912328704','http://a0.twimg.com/profile_images/2694541103/1999fe5753ff9f656728c6c859a34805_normal.png','Under Obama for every dollar $7 brought in he spends $10.95. Tim Kaine is Obama\'s protege. Kaine will do same to Virginia #vasen #rva','neutral',3,0),(204,'2012-10-18 09:25:12','boxerpaws60',333772376,'Catholics 4 Rom-Ryan','','258921676027351042','http://a0.twimg.com/profile_images/2572738326/ghdat3kr2kxddxdxhhe0_normal.jpeg','@dirtyprettyart @BarackObama you think Obama\'s friends are poor? Better look again.','negative',3,0),(205,'2012-10-18 09:25:12','thegreatbobo',104574226,'Bobo ','','258921675494682625','http://a0.twimg.com/profile_images/1216427001/bluedogs_normal.jpg','Black RT @RBPundit: Question for Obama supporters: What color is the sky in your world? #p2','neutral',3,0),(206,'2012-10-18 09:25:12','OccupyCompanies',427250055,'Occupy Corporations','','258921673003257858','http://a0.twimg.com/profile_images/1671114236/Occupy_Companies_Logo_normal.jpg','RT @nicolesandler: MT @sarahmcsimmons: I\'m registered Republican voting for Obama. I\'d need 1400 chars to explain why I don\'t want Mitt to lead this country.','neutral',3,0),(207,'2012-10-18 09:25:11','ScoutSeitz',174465327,'Scout S€itz','','258921672197943297','http://a0.twimg.com/profile_images/1530602218/image_normal.jpg','RT @pjhults: When I fear for my children\'s future that is being buried under a mountainous debt that Obama helped build, he is NOT helping women!','positive',3,0),(208,'2012-10-18 09:25:49','djb3d',280137842,'Dylan Bell™','','258921829626941440','http://a0.twimg.com/profile_images/2662230468/a0c1cb523433751bcd091186d7bd72ba_normal.jpeg','RT @InstgramFails: Mitt Romney doesn\'t even know http://t.co/57S0INNZ','neutral',1,0),(209,'2012-10-18 09:25:49','thatonejuan',120317541,'Juan Martinez','','258921829362696195','http://a0.twimg.com/profile_images/2575293416/image_normal.jpg','RT @HEADLESSGANG: #Romney said a child raised by a single parent had a poor chance of life success. Ironically, he was sharing the stage with one! #debate.','negative',1,0),(210,'2012-10-18 09:25:48','SarahBurris',40711129,'Sarah Burris','','258921825961132032','http://a0.twimg.com/profile_images/1258137664/sarah_scartoon_normal.jpg','Serious anger issues in the #Romney family http://t.co/EkfjM1xj','negative',1,0),(211,'2012-10-18 09:25:48','ShannonPoe',76969053,'The Eye','','258921825948532737','http://a0.twimg.com/profile_images/2707315683/487d59a598424ec7075a7b1819cec5fd_normal.jpeg','RT @missyoktx: September 11, 2012\n\nMitt Romney\'s first tweet today: https://t.co/lWy11732\n\nObama\'s first tweet today: https://t.co/VpT5XHC9\n\n#perspective','neutral',1,0),(212,'2012-10-18 09:25:48','mal_Iam',546498160,'SmokeTheHerbington:)','','258921825675923456','http://a0.twimg.com/profile_images/2625004335/68n0laqk_normal','RT @reaganleajp: Romney said a child raised by a single parent had a poor chance of life success. Ironically, he was sharing the stage with one','negative',1,0),(213,'2012-10-18 09:25:48','RedRoadRail',480942036,'Sarah S Feld MD','','258921825512329216','http://a0.twimg.com/profile_images/2547268258/hi7hifkm6slpqqq49z5s_normal.jpeg','Mitt’s Misogyny On Full Display During Debate #Romney #p2 #p2b #women #waronwomen #ppact http://t.co/K8Lox8wU #crnc #ctl #fb','negative',1,0),(214,'2012-10-18 09:25:48','RiseUpEconomics',408817784,'RiseUpEconomics','','258921825176784896','http://a0.twimg.com/profile_images/2325738431/9olk8ca8gy8zhl9ynnyv_normal.jpeg','RT @lesliegildart: #ClassWar | #sensata | The Federal Bailout That Saved Mitt Romney http://t.co/DQNibYeU via @rollingstone','neutral',1,0),(215,'2012-10-18 09:25:48','chaseylacey',111451374,'Traci  Herrod','','258921825088712704','http://a0.twimg.com/profile_images/786664844/Lily_DSC0682_normal.jpg','RT @HuffingtonPost: Romney\'s pension dwarf\'s Obama\'s in size, political incorrectness  http://t.co/u2VllQPt','negative',1,0),(216,'2012-10-18 09:25:47','NoahBurger',412859137,'Noah Burger','','258921823322906624','http://a0.twimg.com/profile_images/2554689598/image_normal.jpg','RT @_shelbylykins: Everyone knows Ron Paul would be a better president than Obama and Romney.','positive',1,0),(217,'2012-10-18 09:25:47','DemsUniteNow',244699223,'Jimmy Wharton','','258921823176105985','http://a0.twimg.com/profile_images/1264082299/donkey_normal.jpg','Political Wisdom: Obama, Romney Court Women Voters http://t.co/EPcwMJz6 via @newspin','positive',1,0),(218,'2012-10-18 09:25:53','KarlSmith202',301301160,'Karl Smith','','258921845208784897','http://a0.twimg.com/profile_images/1842835138/comp_profile_normal.jpg','RT @TeaPartyCat: Tagg Romney: \"I wanted to punch Obama during the debate. And I would\'ve too, except, you know, Biden.\"','negative',3,0),(219,'2012-10-18 09:25:53','mattlebretton',58989740,'Matt LeBretton','','258921844923592705','http://a0.twimg.com/profile_images/2699749117/21cc6567481f5f54f466ef3e47038493_normal.jpeg','My 5 year old: #Obama is a nice man but we need a better president. #Mitt2012 #mapoli http://t.co/mQEfdFzV','positive',3,0),(220,'2012-10-18 09:25:52','gm00re1',31239675,'Gil - THANKFUL','','258921844315394048','http://a0.twimg.com/profile_images/2720099247/63e33364163013ee503e76e015b43088_normal.png','RT @EdFocus: Obama and Romney Focus on Efforts to Woo Women - http://t.co/0QF3PaSC http://t.co/hB30HvEY','positive',3,0),(221,'2012-10-18 09:25:52','YourFaveDayana',240198927,'†LouisVuittonLove†','','258921843824676864','http://a0.twimg.com/profile_images/2637065569/ef65ba469ec0b541a90db3c9460fdedd_normal.jpeg','RT @BarackObama: \"Gov. Romney said it’s fair that he pays a lower tax rate than a teacher who makes $50,000. He’s wrong.\"—President Obama','neutral',3,0),(222,'2012-10-18 09:25:52','SuGa_SpiCe_DiVa',609606269,'SuGa_SpiCe_DiVa','','258921843703050240','http://a0.twimg.com/profile_images/2607558292/V4t305h3_normal','RT @UncleRUSH: Assassination attempt on Obama STOPPED... http://t.co/mLSS5QQu (via GlobalGrind)','negative',3,0),(223,'2012-10-18 09:25:52','goptraci',15943896,'goptraci','','258921843094867968','http://a0.twimg.com/profile_images/2679564199/3d87e177084be145e61a143c406b719c_normal.jpeg','RT @ObamaDoctrine12: Obama\'s domestic policy: \"Uhh.\"  Obama\'s foreign policy: \"Uhh.\" Obama\'s fundraising policy: \"Sweet! Just tell me when &amp; where!\" #Fail #tcot','positive',3,0),(224,'2012-10-18 09:25:52','Americasgarden',345644480,'Tamala Irish','','258921842323103744','http://a0.twimg.com/profile_images/1597154882/image_normal.jpg','Aching sides! Michelle Obama pulls a Cutter; says Obama never points fingers, blames anyone else http://t.co/cAJJyuJA','positive',3,0),(225,'2012-10-18 09:25:52','tahDeetz',28031362,'Deetz','','258921841991757824','http://a0.twimg.com/profile_images/1895933365/Obama_baby2_normal.jpg','RT @iotw: Mexico Atty Gen: Obama Involved in Fast and Furious http://t.co/XCtn3pMB','negative',3,0),(226,'2012-10-18 09:25:52','JoeTrippi',7259302,'Joe Trippi','','258921841886892032','http://a0.twimg.com/profile_images/1766354353/twit-pic_normal.jpg','@cr4z3d21 Ryan the Rasmussen poll that has GOP Heller up 7 is the same Rasmussen poll that has Obama up 3 in NV. She could have Heller up 4','negative',3,0),(227,'2012-10-18 09:25:51','BitterKoolAid',147271882,'Global Libertarian','','258921840058191872','http://a0.twimg.com/profile_images/924510055/20112009001_normal.jpg','A.M. Links: Obama Still Reaches for Elusive Southern States, Boston PD Gets Secret Police-y, Greek Strikers Demand S... http://t.co/9cWvm6Y0','neutral',3,0),(228,'2012-10-18 09:25:51','chantexwcastell',730086978,'chante castelli','','258921839621980160','http://a0.twimg.com/profile_images/2733057537/67b56e3f73a0d2a2c6669ba807ffab96_normal.jpeg','ternyata Lady Gaga, Britney Spears, Barack Obama PAKE FREE FOLLOWERS :D','positive',3,0),(229,'2012-10-18 09:25:51','Svoss18',21892387,'Sammy Voss','','258921839353528320','http://a0.twimg.com/profile_images/2480785491/image_normal.jpg','RT @EmilyMiller: MILLER: Obama’s Big Gun Slip  http://t.co/yqZWfpOT','negative',3,0),(230,'2012-10-18 09:25:51','hypnokink',38933553,'Hypnokink','','258921838300758016','http://a0.twimg.com/profile_images/1311489601/00223_normal.jpg','#TaggRomney to #obama \"Don\'t call out my Dad or I\'ll punch you.  Don\'t you know the saying, \'let sleazy Dad\'s Lie\'  #badpuns #debates #Tagg','neutral',3,0),(231,'2012-10-18 09:25:51','dyrbert',53282102,'Jordon Roberts','','258921836870508546','http://a0.twimg.com/profile_images/329829876/Photo_39_normal.jpg','RT @josheidelson: Yes, the electoral college is still terrible, even if Obama is doing better in electoral vote right now than popular vote.','negative',3,0);

/*!40101 SET SQL_MODE=@OLD_SQL_MODE */;
/*!40014 SET FOREIGN_KEY_CHECKS=@OLD_FOREIGN_KEY_CHECKS */;
/*!40014 SET UNIQUE_CHECKS=@OLD_UNIQUE_CHECKS */;
/*!40111 SET SQL_NOTES=@OLD_SQL_NOTES */;
